{"cameraMode":{"drawMode":0,"name":"Shaded","section":"Shading Mode"},"sceneLighting":false,"audioPlay":false,"sceneViewState":{"showFog":true,"showMaterialUpdate":false,"showSkybox":false,"showFlares":true,"showImageEffects":true,"showParticleSystems":true},"in2DMode":false,"pivot":{"x":-0.07979393005371094,"y":1.083406925201416,"z":0.01483142375946045},"rotation":{"x":-0.1801682710647583,"y":0.6400606036186218,"z":-0.1577630341053009,"w":-0.7301514744758606},"size":2.4349260330200197,"orthographic":false}