{"cameraMode":{"drawMode":0,"name":"Shaded","section":"Shading Mode"},"sceneLighting":false,"audioPlay":false,"sceneViewState":{"showFog":true,"showMaterialUpdate":false,"showSkybox":false,"showFlares":true,"showImageEffects":true,"showParticleSystems":true},"in2DMode":false,"pivot":{"x":2.804304838180542,"y":0.9397088289260864,"z":1.2570278644561768},"rotation":{"x":-0.1914084553718567,"y":-0.10896450281143189,"z":0.02150949463248253,"w":-0.9752823114395142},"size":2.637983560562134,"orthographic":false}