{"cameraMode":{"drawMode":0,"name":"Shaded","section":"Shading Mode"},"sceneLighting":false,"audioPlay":false,"sceneViewState":{"showFog":true,"showMaterialUpdate":false,"showSkybox":false,"showFlares":true,"showImageEffects":true,"showParticleSystems":true},"in2DMode":false,"pivot":{"x":-27.236814498901368,"y":9.40097713470459,"z":-44.187469482421878},"rotation":{"x":-0.19623853266239167,"y":-0.61411452293396,"z":0.16127142310142518,"w":-0.7472599148750305},"size":9.85405445098877,"orthographic":false}