{"cameraMode":{"drawMode":0,"name":"Shaded","section":"Shading Mode"},"sceneLighting":false,"audioPlay":false,"sceneViewState":{"showFog":true,"showMaterialUpdate":false,"showSkybox":false,"showFlares":true,"showImageEffects":true,"showParticleSystems":true},"in2DMode":false,"pivot":{"x":0.004727980121970177,"y":-5.146169662475586,"z":3.9986534118652345},"rotation":{"x":-0.3086891174316406,"y":-0.0008588734781369567,"z":0.00028176436899229884,"w":-0.9511756896972656},"size":9.057533264160157,"orthographic":false}