{"cameraMode":{"drawMode":0,"name":"Shaded","section":"Shading Mode"},"sceneLighting":false,"audioPlay":false,"sceneViewState":{"showFog":true,"showMaterialUpdate":false,"showSkybox":false,"showFlares":true,"showImageEffects":true,"showParticleSystems":true},"in2DMode":false,"pivot":{"x":-2.3521132469177248,"y":0.3387322425842285,"z":-10.47756576538086},"rotation":{"x":-0.2740268409252167,"y":0.10561666637659073,"z":-0.030292294919490815,"w":-0.9554370045661926},"size":10.41688060760498,"orthographic":false}