{"cameraMode":{"drawMode":0,"name":"Shaded","section":"Shading Mode"},"sceneLighting":false,"audioPlay":false,"sceneViewState":{"showFog":true,"showMaterialUpdate":false,"showSkybox":false,"showFlares":true,"showImageEffects":true,"showParticleSystems":true},"in2DMode":false,"pivot":{"x":1.3398195505142213,"y":2.074557304382324,"z":-4.586359977722168},"rotation":{"x":0.002676558680832386,"y":-0.9972780346870422,"z":0.05721680819988251,"w":0.04669984057545662},"size":2.8578836917877199,"orthographic":false}