{"cameraMode":{"drawMode":0,"name":"Shaded","section":"Shading Mode"},"sceneLighting":false,"audioPlay":false,"sceneViewState":{"showFog":true,"showMaterialUpdate":false,"showSkybox":false,"showFlares":true,"showImageEffects":true,"showParticleSystems":true},"in2DMode":false,"pivot":{"x":1.6104154586791993,"y":0.13734197616577149,"z":4.941282272338867},"rotation":{"x":0.16806422173976899,"y":0.6133427023887634,"z":-0.13585986196994782,"w":0.7597769498825073},"size":6.617774486541748,"orthographic":false}