{"cameraMode":{"drawMode":0,"name":"Shaded","section":"Shading Mode"},"sceneLighting":false,"audioPlay":false,"sceneViewState":{"showFog":true,"showMaterialUpdate":false,"showSkybox":false,"showFlares":true,"showImageEffects":true,"showParticleSystems":true},"in2DMode":false,"pivot":{"x":-20.155513763427736,"y":12.204435348510743,"z":-48.082275390625},"rotation":{"x":-0.17411212623119355,"y":-0.5919879674911499,"z":0.13288229703903199,"w":-0.7756489515304565},"size":7.379779815673828,"orthographic":false}