{"cameraMode":{"drawMode":0,"name":"Shaded","section":"Shading Mode"},"sceneLighting":false,"audioPlay":false,"sceneViewState":{"showFog":true,"showMaterialUpdate":false,"showSkybox":false,"showFlares":true,"showImageEffects":true,"showParticleSystems":true},"in2DMode":false,"pivot":{"x":0.06000000238418579,"y":0.5000001192092896,"z":-13.859999656677246},"rotation":{"x":-0.14821015298366548,"y":-0.14130368828773499,"z":0.02139838971197605,"w":-0.9785873293876648},"size":2.857884407043457,"orthographic":false}