{"cameraMode":{"drawMode":0,"name":"Shaded","section":"Shading Mode"},"sceneLighting":false,"audioPlay":false,"sceneViewState":{"showFog":true,"showMaterialUpdate":false,"showSkybox":false,"showFlares":true,"showImageEffects":true,"showParticleSystems":true},"in2DMode":false,"pivot":{"x":-4.219966411590576,"y":1.029062271118164,"z":-0.3532075881958008},"rotation":{"x":0.1301288902759552,"y":-0.26444241404533389,"z":0.035608332604169849,"w":0.9550196528434753},"size":2.048088550567627,"orthographic":false}