{"cameraMode":{"drawMode":0,"name":"Shaded","section":"Shading Mode"},"sceneLighting":false,"audioPlay":false,"sceneViewState":{"showFog":true,"showMaterialUpdate":false,"showSkybox":false,"showFlares":true,"showImageEffects":true,"showParticleSystems":true},"in2DMode":false,"pivot":{"x":-26.43596076965332,"y":13.750080108642579,"z":-44.25685501098633},"rotation":{"x":-0.15024814009666444,"y":-0.5156857967376709,"z":0.09240251779556275,"w":-0.8384555578231812},"size":8.437507629394532,"orthographic":false}