{"cameraMode":{"drawMode":0,"name":"Shaded","section":"Shading Mode"},"sceneLighting":false,"audioPlay":false,"sceneViewState":{"showFog":true,"showMaterialUpdate":false,"showSkybox":false,"showFlares":true,"showImageEffects":true,"showParticleSystems":true},"in2DMode":false,"pivot":{"x":2.0146396160125734,"y":-2.5612311363220217,"z":8.912824630737305},"rotation":{"x":-0.23315225541591645,"y":0.063882976770401,"z":-0.015212575905025006,"w":-0.9702972769737244},"size":9.346938133239746,"orthographic":false}