{"cameraMode":{"drawMode":0,"name":"Shaded","section":"Shading Mode"},"sceneLighting":false,"audioPlay":false,"sceneViewState":{"showFog":true,"showMaterialUpdate":false,"showSkybox":false,"showFlares":true,"showImageEffects":true,"showParticleSystems":true},"in2DMode":false,"pivot":{"x":2.18025279045105,"y":0.23784184455871583,"z":0.6430482864379883},"rotation":{"x":-0.17529244720935822,"y":0.2958924472332001,"z":-0.0551837757229805,"w":-0.9374558925628662},"size":3.207803249359131,"orthographic":false}