{"cameraMode":{"drawMode":0,"name":"Shaded","section":"Shading Mode"},"sceneLighting":true,"audioPlay":false,"sceneViewState":{"showFog":true,"showMaterialUpdate":false,"showSkybox":false,"showFlares":true,"showImageEffects":true,"showParticleSystems":true},"in2DMode":false,"pivot":{"x":-5.935545921325684,"y":-0.20816683769226075,"z":9.295560836791993},"rotation":{"x":-0.26717355847358706,"y":0.44205954670906069,"z":-0.13981013000011445,"w":-0.8447861671447754},"size":10.0,"orthographic":false}