{"cameraMode":{"drawMode":0,"name":"Shaded","section":"Shading Mode"},"sceneLighting":false,"audioPlay":false,"sceneViewState":{"showFog":true,"showMaterialUpdate":false,"showSkybox":false,"showFlares":true,"showImageEffects":true,"showParticleSystems":true},"in2DMode":false,"pivot":{"x":6.1923370361328129,"y":0.036756277084350589,"z":-111.66682434082031},"rotation":{"x":-0.0775962844491005,"y":-0.6708492636680603,"z":0.07090917229652405,"w":-0.7341098785400391},"size":3.2660250663757326,"orthographic":false}