{"cameraMode":{"drawMode":0,"name":"Shaded","section":"Shading Mode"},"sceneLighting":true,"audioPlay":false,"sceneViewState":{"showFog":true,"showMaterialUpdate":false,"showSkybox":false,"showFlares":true,"showImageEffects":true,"showParticleSystems":true},"in2DMode":false,"pivot":{"x":1.2905921936035157,"y":4.189924240112305,"z":1.4064903259277344},"rotation":{"x":-0.011678241193294526,"y":0.3160598576068878,"z":-0.0038916710764169695,"w":-0.9486621618270874},"size":4.6416916847229,"orthographic":false}